ticker,date
RNAZ,2024-12-04
APVO,2024-12-04
PMD,2024-12-04
MYNZ,2024-12-03
FTCI,2024-12-02
INM,2024-11-14
AKAN,2024-11-14
DNMR,2024-11-13
XHG,2024-11-08
SONX,2024-11-08
NORD,2024-11-08
LIPO,2024-11-08
NDRA,2024-11-07
TRFE,2024-11-01
FGF,2024-11-01
STBX,2024-10-31
FGNX,2024-10-31
WHLR,2025-03-27
VSAI,2025-03-27
LGHL,2025-03-26
GRFX,2025-03-26
OMH,2025-03-10
MNDR,2025-03-10
IMII,2025-03-10
ELAB,2025-03-10
ABTS,2025-03-10
TIVC,2025-03-07
RETO,2025-03-07
SONG,2025-01-21
BQ,2025-01-21
MCRB,2025-04-22
FMTO,2025-04-22
BSLK,2025-04-22
YHC,2025-04-21
SUNE,2025-04-21
HOLO,2025-04-21
DDC,2025-04-21
BMRA,2025-04-21
KZIA,2025-04-17
CARA,2025-04-16
LITM,2025-05-02
IQST,2025-05-02
HSDT,2025-05-02
CWD,2025-05-02
PTPI,2025-05-01
PRKA,2025-05-01
CHRO,2025-07-02
SPZI,2025-07-01
HSDT,2025-07-01
ONCO,2025-06-13
CHNR,2025-06-13
CERO,2025-06-13
ARTL,2025-06-13
AMZE,2025-06-13
VLCN,2025-06-12
SST,2025-06-12
OSKA,2025-06-12
ERNA,2025-06-12
AIMI,2025-06-12
OESX,2025-08-22
CRSM,2025-08-22
ADD,2025-08-22
AZTR,2025-08-21
GIBO,2025-08-20
LNZA,2025-08-19
SLRX,2025-08-18
GRDX,2025-08-18
CHSN,2025-08-18
PTNT,2025-08-12
NAOV,2025-08-12
FEED,2025-08-12
WOLF,2025-09-29
YAAS,2025-09-30
RENB,2025-09-30
RAYA,2025-09-30
POAI,2025-09-30
LNAI,2025-09-30
AGPU,2025-09-30
ORKT,2025-09-29
LESL,2025-09-29
CETX,2025-09-29
LVO,2025-09-26
IBG,2025-09-26
BHIC,2025-09-26
