trigger,N,med5,win5,mean5,med10,win10,mean10,med20,win20,mean20,MAE10,MFE10,MAE20,MFE20
A k1=0.5 (R1),112,0.007908207710787707,0.5357142857142857,-0.006991388022626952,0.0036489691662104917,0.5315315315315315,-0.011124807354248483,0.02458041610502215,0.5454545454545454,0.012731529502479369,-0.06814587779803893,0.05155099308190114,-0.08479185290494246,0.08126481051258261
A k1=1.0 (R1),69,0.005122153440795252,0.5362318840579711,-0.009177954109737587,0.00044178370739461625,0.5,-0.014433815083162063,0.030577388113189885,0.5735294117647058,0.017296721799572583,-0.07042914560189556,0.0542454136183006,-0.0859510295658582,0.08297422107096919
A k1=1.5 (R1),33,-0.005838350665936853,0.48484848484848486,-0.028824170288814524,-0.045863376198617356,0.42424242424242425,-0.03298805089864845,-0.009498584398535903,0.48484848484848486,0.0028942758472532506,-0.09111103051843261,0.05426982189282947,-0.13309949561439927,0.06793078055964652
B AVWAP_L zone (R1/R2),298,0.008925340730913112,0.5488215488215489,0.0031949179306836714,0.024127817488258985,0.6216216216216216,0.013672666332922022,0.03552792757568635,0.6271186440677966,0.028575549782774972,-0.05908955657142517,0.058305072722199425,-0.0703412276632781,0.09524969901973313
B AVWAP_L zone (R1),232,0.008925340730913112,0.5454545454545454,0.001304886275082928,0.018647019684359223,0.6086956521739131,0.00815977873268831,0.02703766898543125,0.6026200873362445,0.0165784391574697,-0.0591010866341275,0.05267978415435548,-0.07107043398392077,0.09046080598537642
B AVWAP_L zone (R2),72,0.02806218387794268,0.5694444444444444,0.011980453136647144,0.044484695680539255,0.6666666666666666,0.03024167889822146,0.08311743005862193,0.7083333333333334,0.06641935226037604,-0.058720330297525714,0.0939148666353552,-0.06506873588245188,0.11781981850149037
C DevZ<=-2.5 (全),18,-0.021035135915829506,0.4444444444444444,-0.03520023125234305,0.07135514975028334,0.6111111111111112,-0.0004231926684261891,0.14766717545912156,0.5555555555555556,0.06291600988307904,-0.0773402936286724,0.08278650781974473,-0.09524010649595321,0.17328976432326781
A[QQQ] k1=0.5 (R1),104,0.004389048806666129,0.5192307692307693,-0.007732977167984736,0.0036489691662104917,0.5339805825242718,-0.011742010633794582,0.02555399415854409,0.5588235294117647,0.015497421096215325,-0.06814587779803893,0.05162224098419976,-0.08479185290494246,0.08297422107096919
A[QQQ] k1=1.0 (R1),62,0.004223318054433323,0.5161290322580645,-0.010495365632283019,0.00044178370739461625,0.5,-0.015607902400384404,0.030577388113189885,0.5806451612903226,0.012463827217808037,-0.07042914560189556,0.052925350907739865,-0.08613452645050479,0.08297422107096919
A[QQQ] k1=1.5 (R1),26,-0.024301328898333474,0.4230769230769231,-0.040758221585381164,-0.03163923463964369,0.38461538461538464,-0.03669672864314168,0.0072690333435196375,0.5,0.004163201441572344,-0.11067862195168315,0.05128331041258638,-0.1473214705053495,0.06265940831380779
B[QQQ] AVWAP_L zone (R1/R2),291,0.009623403768292071,0.5655172413793104,0.004184810128628871,0.024646561827133207,0.6228373702422145,0.013910119227616433,0.03501466622050031,0.625,0.027242171774534925,-0.05852912553871814,0.060029828486204195,-0.06893558009271628,0.09835197249832706
C[QQQ] DevZ<=-2.5 (全),20,0.004985123262091218,0.55,-0.023392611867987224,0.07135514975028334,0.6,0.004898706307139178,0.14766717545912156,0.55,0.05972676078835506,-0.0773402936286724,0.08955599964014138,-0.09524010649595321,0.17328976432326781
