Regime,Band,N,med5,win5,mean5,med10,win10,mean10,med20,win20,mean20,MAE10,MFE10,MAE20,MFE20,Ep,dmed10,t10,IS_med10,IS_n,OOS_med10,OOS_n
R1,(全日),2673,0.010572279775889037,0.5798350824587706,0.0055449948817679305,0.01932510777463947,0.5974464889222681,0.011040541055313564,0.0362209062112655,0.6279683377308707,0.024160891277887155,-0.052662580830304506,0.058511538986753875,-0.07249955900511551,0.09277668631303215,,,,,,,
R1,<-15.0%,7,0.02873765867418898,0.5714285714285714,0.03619505168138258,-0.086644276308255,0.42857142857142855,-0.0779483506583832,-0.017785226197009174,0.42857142857142855,-0.09820916392733958,-0.14919462199719824,0.15428283083133598,-0.14919462199719824,0.15428283083133598,6.0,-0.10596938408289447,-1.0092865680688823,0.08223260724279818,2.0,-0.20743727598566308,5.0
R1,"[-15.0%,-10.0%)",27,0.03402309540416937,0.6296296296296297,0.013240639377779088,0.08721452976083444,0.5555555555555556,0.016010661198487028,0.10052148894083812,0.7777777777777778,0.07513522863730122,-0.11416456645986917,0.11369509043927661,-0.12013674100602312,0.13990289516274057,19.0,0.06788942198619496,0.11816415752250829,0.2134592322487172,2.0,0.004370194169386554,25.0
R1,"[-10.0%,-7.5%)",31,0.02727939802887014,0.5806451612903226,0.010256645484265118,0.028338140014620317,0.5806451612903226,-0.004198300551015261,0.05557415404758981,0.6774193548387096,0.021455409121144072,-0.07573025604038952,0.08493490390576564,-0.088511504147754,0.11467724486116126,28.0,0.009013032239980845,-0.564621835453824,0.06476356862577481,13.0,-0.0013621990110029847,18.0
R1,"[-7.5%,-5.0%)",87,0.02659947326784229,0.6206896551724138,0.017538037404761404,0.013534519725557415,0.5632183908045977,0.01070782313275658,0.04401104590956173,0.5977011494252874,0.03479712659422435,-0.08093889113719144,0.08842719780219777,-0.10976358367692007,0.11408016443987656,66.0,-0.005790588049082057,-0.026916460149872114,0.013534519725557415,39.0,0.013221432814472411,48.0
R1,"[-5.0%,-2.5%)",176,0.014787603669263683,0.6079545454545454,0.011607867767301678,0.03173824746854037,0.5977011494252874,0.014631559580676712,0.05398121420468871,0.6900584795321637,0.044830263889317996,-0.062371422213938266,0.07954489906563988,-0.08691012855557745,0.1041688821972091,131.0,0.012413139693900899,0.4161768103476543,0.04223894775413639,94.0,0.015277285737408164,80.0
R1,"[-2.5%,+0.0%)",262,0.010578362316725709,0.5801526717557252,0.002048905978316182,0.013093106884525252,0.5610687022900763,-0.0005473520970551409,0.03321447988737103,0.6038461538461538,0.018474184625764483,-0.05902628645373781,0.06257022382142174,-0.09157958559786439,0.0874192823116523,193.0,-0.00623200089011422,-1.6391574739812305,0.01566322851138935,167.0,0.0046025104602509526,95.0
R1,"[+0.0%,+2.5%)",404,0.011419531901288749,0.5594059405940595,0.004986881163087957,0.018249093217354684,0.5682382133995038,0.013962605473147753,0.02956804822874537,0.6005025125628141,0.014288502594294955,-0.058383506659368756,0.054760432996292074,-0.07300153034868728,0.076237113566191,241.0,-0.001076014557284788,0.5217209257695776,0.005820305065469711,239.0,0.045792567804151085,164.0
R1,"[+2.5%,+5.0%)",582,0.008929726931538706,0.5628227194492255,0.0034285191824671786,0.010530184008057275,0.5620689655172414,0.009578267597479918,0.030649766907397513,0.6258620689655172,0.02203554456193398,-0.05089969615315565,0.047158706027219166,-0.06738366537165003,0.08017416883638473,297.0,-0.008794923766582197,-0.31128144040369665,0.004416505560773887,360.0,0.031260669592260815,220.0
R1,"[+5.0%,+7.5%)",519,0.011137264100203548,0.6042471042471043,0.005888708208516228,0.01928464257953222,0.6138996138996139,0.01313406938946957,0.03392403575015723,0.6274131274131274,0.021501425764055913,-0.04219127041868698,0.05189019380396098,-0.06376910835712102,0.08910680765406498,268.0,-4.0465195107253216e-05,0.4452949214967219,0.01267205188752818,268.0,0.03121177284803134,250.0
R1,"[+7.5%,+10.0%)",340,0.010565211819615117,0.6153846153846154,0.009267327913256952,0.03068565310632798,0.7011834319526628,0.02038148041838629,0.04595168625525037,0.650887573964497,0.03398982795308299,-0.0418065323024952,0.057261845702475944,-0.06274661970320033,0.09772540762884108,188.0,0.01136054533168851,1.6092495894620074,0.026422932299320134,159.0,0.03502842218466751,179.0
R1,"[+10.0%,+15.0%)",189,0.005181590732445729,0.5319148936170213,0.0012963743557498093,0.019437270626614156,0.5935828877005348,0.005349514770746238,0.03743508563324194,0.6149732620320856,0.015277567250856544,-0.06546791617857606,0.0627068610788084,-0.085790679908327,0.10579541034616868,90.0,0.00011216285197468423,-0.5383884365469992,0.010024184548143245,49.0,0.022275762532897314,138.0
R1,>=+15.0%,49,-0.008684210526315739,0.42857142857142855,-0.0137443946628052,0.04455933037912363,0.6938775510204082,0.008884086121748137,0.06672954491865135,0.6530612244897959,0.05398533391856049,-0.06825599770147972,0.08746280243239735,-0.10017694296991964,0.14304280020793625,21.0,0.025234222604484158,-0.0786270248288177,0.0504885563494859,2.0,0.04001667361400596,47.0
R2,(全日),624,0.019157431703793915,0.5769230769230769,0.014411343339554739,0.036996623583890664,0.6378205128205128,0.03166607315381179,0.07744647657643333,0.7051282051282052,0.06822236751418831,-0.05810606311971489,0.08391272526818727,-0.07073190978368082,0.13027375797547358,,,,,,,
R2,<-15.0%,12,0.09931717597362821,0.75,0.03659351264031199,0.10389899131448643,0.5833333333333334,0.025023485356259968,0.09615414676107636,0.75,0.03286839672613284,-0.05226615260771017,0.15837940356022162,-0.05226615260771017,0.2234107768003597,9.0,0.06690236773059577,-0.0662884810854662,-0.009932651345975096,3.0,0.22035007361361014,9.0
R2,"[-15.0%,-10.0%)",42,0.04225408132634201,0.6190476190476191,0.03714875404315067,0.12480256543054702,0.7619047619047619,0.08692094349287428,0.11988368399041394,0.7380952380952381,0.12087810548395435,-0.05979219780190509,0.14178153179290442,-0.05979219780190509,0.22755955204777412,26.0,0.08780594184665635,1.9037100527992148,0.09982617308889574,18.0,0.13087626068279068,24.0
R2,"[-10.0%,-7.5%)",63,0.005687958545304017,0.5238095238095238,2.160989262604895e-05,0.027397288868664216,0.6190476190476191,0.024455667856999676,0.08048480391463597,0.6190476190476191,0.05850039241337205,-0.0915304335674404,0.07746939556235666,-0.09517446176688937,0.14012154240063923,42.0,-0.009599334715226449,-0.40982707024522463,-0.008540056363152304,32.0,0.0674734140080675,31.0
R2,"[-7.5%,-5.0%)",63,0.01820851984867833,0.5396825396825397,0.01399894479949838,0.07163388208068167,0.6349206349206349,0.042664069327993874,0.09180772126318537,0.6825396825396826,0.08110046835168325,-0.06313188047629736,0.0948424068767908,-0.07069219440353469,0.17876425255361328,46.0,0.034637258496791,0.5592349409275869,0.025723865621311126,26.0,0.08481215027977629,37.0
R2,"[-5.0%,-2.5%)",74,0.035742879042945375,0.6081081081081081,0.01193818585881778,0.04697498101870401,0.7027027027027027,0.038161818975051956,0.06917791840825138,0.7297297297297297,0.06619897872440697,-0.052941313150468794,0.10565003208641222,-0.06506873588245188,0.13004705688574203,51.0,0.009978357434813345,0.40727154874665006,0.04501960505931635,41.0,0.0710548523206751,33.0
R2,"[-2.5%,+0.0%)",95,0.024251826007699373,0.6,0.021781646392647933,0.051363400241877244,0.6421052631578947,0.039378542674103664,0.0775390324746954,0.7157894736842105,0.059264576253588094,-0.05956308485302353,0.09124884192013583,-0.06899997347175191,0.130315658076813,65.0,0.01436677665798658,0.6244708219685928,0.06823869470702937,54.0,-0.014381022979985114,41.0
R2,"[+0.0%,+2.5%)",75,0.01964077723490898,0.6,0.009649097065175395,0.031161024992091058,0.64,0.01976108029911577,0.0777579542075526,0.8266666666666667,0.06778037505829106,-0.061499701222564984,0.06738373932299924,-0.06829826070287093,0.1142930442869512,57.0,-0.005835598591799607,-0.8939038775443943,0.04256629278242818,47.0,0.01117083966532012,28.0
R2,"[+2.5%,+5.0%)",91,0.022878932316491962,0.5384615384615384,0.013534792800646208,0.008579599618684375,0.5494505494505495,0.00435910767001605,0.07042712422298081,0.7362637362637363,0.06933795281264851,-0.051063829787234116,0.054235818818938464,-0.08261015128688143,0.10887808120312625,52.0,-0.02841702396520629,-2.089306161072534,-0.003952889192267828,54.0,0.046791673834508885,37.0
R2,"[+5.0%,+7.5%)",63,0.024953045344781266,0.6507936507936508,0.015676252543117945,0.017140496403060368,0.5873015873015873,0.031247216200064935,0.0191435599498464,0.5555555555555556,0.03732949277590057,-0.03643892339544508,0.0588081991980236,-0.07902567859055276,0.08192842354333019,37.0,-0.019856127180830296,-0.029559388928186308,0.017140496403060368,31.0,0.032773240848539054,32.0
R2,"[+7.5%,+10.0%)",24,0.0036297855712904004,0.5,0.013486391680580351,0.03892860319449887,0.7083333333333334,0.030471189677356278,0.08516112047858082,0.7083333333333334,0.10210224285372053,-0.03223677552943188,0.050677052559324975,-0.04317059432520093,0.10980857861783155,13.0,0.0019319796106082032,-0.038037144182676265,0.05393414715541833,8.0,0.03892860319449887,16.0
R2,"[+10.0%,+15.0%)",19,-0.0022006738799249526,0.47368421052631576,0.0016595185416002794,0.04516334789246135,0.6842105263157895,0.021083286225264498,0.068196331773966,0.631578947368421,0.06419056019903797,-0.04633673789023318,0.06306057952924005,-0.04633673789023318,0.10724151539068671,10.0,0.008166724308570683,-0.31376121402819634,-0.0007766224259728727,12.0,0.08619338661651788,7.0
R2,>=+15.0%,3,-0.05713347561976678,0.0,-0.0469417572198492,0.030701034312920816,0.6666666666666666,0.011987721536206752,0.11811627550237769,1.0,0.12020946248092039,-0.136217211228716,0.08097867771130529,-0.136217211228716,0.1984967019481516,2.0,-0.006295589270969848,-0.8510444333108524,,0.0,0.030701034312920816,3.0
R3,(全日),633,0.021922098257975975,0.5671406003159558,0.015117872782498688,0.047111111111111104,0.631911532385466,0.033775938022920934,0.0752570553489389,0.6303317535545023,0.06216772023034009,-0.08765652951699465,0.10997547015535569,-0.12486105965172278,0.15710209331878922,,,,,,,
R3,<-15.0%,122,0.05820950953615789,0.6311475409836066,0.057419495078547884,0.07617976260276882,0.7131147540983607,0.08265861197473547,0.061956837708797785,0.5737704918032787,0.10415307814655428,-0.103169497429971,0.18489728695831087,-0.1670967449861922,0.22170230570036076,45.0,0.029068651491657715,1.9280256781668066,0.07243968090698505,38.0,0.0835141077309175,84.0
R3,"[-15.0%,-10.0%)",102,0.0054860338603615055,0.5392156862745098,0.007045061552020898,0.04708699396099891,0.5588235294117647,0.033315643643985364,0.05764328069063662,0.5882352941176471,0.055586886471614375,-0.10887742503746872,0.11504359947636811,-0.14928119127727812,0.14877434633314512,72.0,-2.4117150112190622e-05,-0.02330847650979712,0.11609009783952384,39.0,-0.04611111111111099,63.0
R3,"[-10.0%,-7.5%)",56,0.015020558078978397,0.5178571428571429,-0.010958767500990018,0.01219290955099206,0.5535714285714286,0.007139092229312289,0.0448927518169554,0.625,0.06737134950249297,-0.12227457874295883,0.09448444413714197,-0.15650916409686033,0.14444338906715282,47.0,-0.034918201560119044,-1.3111734281192966,0.025695349273828105,30.0,-0.010883540069440756,26.0
R3,"[-7.5%,-5.0%)",58,-0.02519734496032555,0.43103448275862066,-0.017003947359287556,-0.0064947948963615665,0.4827586206896552,-0.02184351365793448,0.06240057553596989,0.5517241379310345,0.027627040400759573,-0.14820635699899548,0.06713479232038677,-0.1843698558030865,0.13197943554395042,45.0,-0.05360590600747267,-2.614431141734982,0.022053166112749656,29.0,-0.12376681614349783,29.0
R3,"[-5.0%,-2.5%)",57,0.012664267943284013,0.5263157894736842,0.003650335731276418,0.024101501210846976,0.5789473684210527,0.02972595997762979,0.10985488126311393,0.6842105263157895,0.07610049548457075,-0.08360438057538144,0.11059371362048909,-0.12569727674147868,0.15155774052163062,42.0,-0.023009609900264127,-0.1749884319050791,0.021919006434646615,37.0,0.09523044655005575,20.0
R3,"[-2.5%,+0.0%)",54,0.017192646600748596,0.5370370370370371,0.007791269737020975,0.05029677016345324,0.7037037037037037,0.032711611903983646,0.09724442149820556,0.7962962962962963,0.0980619473366589,-0.06564211932604536,0.10343945024931134,-0.07144045885346739,0.15599978354056254,46.0,0.003185659052342138,-0.044444871814103094,0.04461540108888329,27.0,0.07098321342925651,27.0
R3,"[+0.0%,+2.5%)",50,0.00606987949137805,0.52,-0.008255915598566942,0.02332247702774637,0.56,-0.016708265711283234,0.059911020655802893,0.64,0.02918249120735631,-0.06683206462009561,0.09447613227652729,-0.08489676973176363,0.14092729842164187,47.0,-0.023788634083364735,-2.2617547769386417,0.059883854509346524,30.0,-0.14552050803505984,20.0
R3,"[+2.5%,+5.0%)",37,0.04237037611643135,0.6486486486486487,0.018805013838915096,0.06600133656039486,0.8108108108108109,0.05494219730244771,0.13512236650862675,0.7837837837837838,0.09959367375571926,-0.04121158825724258,0.10596508244422886,-0.04994007191370353,0.165463517863363,27.0,0.01889022544928376,1.0152450225440894,0.06429629553424243,18.0,0.07043424059837933,19.0
R3,"[+5.0%,+7.5%)",47,0.04731002721373234,0.6808510638297872,0.03789684497042481,0.0757668444885431,0.7659574468085106,0.05782325236405763,0.10994451878395939,0.7446808510638298,0.06318780616029536,-0.03673564287375031,0.09649989533179815,-0.047911862669741345,0.14882308276385747,29.0,0.02865573337743199,0.9550592902027732,0.07363304807583748,12.0,0.09163272861902994,35.0
R3,"[+7.5%,+10.0%)",20,0.007581155193017053,0.55,0.005439002418711103,0.05556330410693322,0.7,0.030981472767849953,0.09657845425101219,0.65,0.022932380453280127,-0.06348301722407701,0.0869264508502311,-0.0671836679350496,0.13410245975269242,17.0,0.008452192995822116,-0.07939825331071615,0.05042648570286823,5.0,0.07660856466537558,15.0
R3,"[+10.0%,+15.0%)",25,0.019985974754558322,0.72,0.02868227065032702,0.04300398573526332,0.6,0.036460639877015096,-0.03111111111111109,0.44,-0.06428530080308721,-0.0646067415730337,0.1061138439915672,-0.1100553165334972,0.11873295573736087,15.0,-0.004107125375847787,0.07293725543896307,,0.0,0.04300398573526332,25.0
R3,>=+15.0%,5,0.02269543289436826,0.6,-0.014603448501789651,0.045110675259176336,0.6,-0.02846720126721436,-0.191402846354923,0.0,-0.19960816604290374,-0.0700476323900252,0.10339030540767746,-0.24426372349695036,0.10339030540767746,3.0,-0.0020004358519347676,-0.6035162942188766,,0.0,0.045110675259176336,5.0
