date,Close,EMA21,SMA50,SMA200,ATR14,Dev,DevPct,DevZ,AVWAP_L,AgeL,AVWAP_H,AgeH,Q_Close,Q_SMA200,Q_EMA21,Q_SMA50,Regime
2026-07-06,76.42,76.9187,75.1908,57.6633,5.1784,-0.0963,-0.0065,-0.5635,75.9107,5.0,76.08,9.0,722.82,635.5878,720.7187,710.5038,R1
2026-07-07,72.23,76.4925,75.451,57.7786,5.2128,-0.8177,-0.0557,-1.0259,75.4055,6.0,75.762,10.0,709.43,636.1849,719.6925,711.664,R1
2026-07-08,72.72,76.1495,75.6542,57.8897,5.0866,-0.6742,-0.045,-0.9248,74.9424,7.0,75.3038,5.0,711.44,636.7655,718.9422,712.6152,R1
2026-07-09,76.34,76.1668,75.9282,58.014,5.0064,0.0346,0.0023,-0.4582,75.0017,8.0,75.3416,6.0,723.28,637.3851,719.3366,713.7962,R1
2026-07-10,77.03,76.2453,76.254,58.1374,4.8624,0.1614,0.0103,-0.3717,75.088,9.0,75.4225,7.0,725.51,638.0017,719.8978,715.1554,R1
2026-07-13,72.64,75.9176,76.4696,58.244,4.868,-0.6733,-0.0432,-0.9093,74.9204,10.0,75.1735,8.0,711.74,638.5694,719.1562,716.1588,R1
2026-07-14,75.02,75.836,76.6992,58.3656,4.7492,-0.1718,-0.0108,-0.5766,74.9083,11.0,75.1349,9.0,719.69,639.1874,719.2047,717.1978,R1
2026-07-15,74.44,75.7091,76.882,58.4877,4.7249,-0.2686,-0.0168,-0.6349,74.1239,5.0,75.0547,10.0,717.74,639.8084,719.0716,718.0696,R1
2026-07-16,70.74,75.2573,76.9986,58.5883,4.7267,-0.9557,-0.06,-1.076,73.6609,6.0,74.7139,11.0,705.94,640.3582,717.8778,718.7308,R2
2026-07-17,67.53,74.5548,77.0014,58.6694,4.8055,-1.4618,-0.0942,-1.3958,72.7073,7.0,74.0477,12.0,695.33,640.8412,715.828,719.0052,R2
2026-07-20,67.65,73.9271,76.923,58.7492,4.6769,-1.3421,-0.0849,-1.3062,72.3296,8.0,73.7372,13.0,696.06,641.3197,714.0309,719.011,R2
2026-07-21,71.37,73.6947,76.9236,58.8438,4.6336,-0.5017,-0.0315,-0.7529,72.2379,9.0,73.6212,14.0,708.97,641.8483,713.5708,719.2916,R2
2026-07-22,70.28,73.3842,76.8036,58.9299,4.4326,-0.7003,-0.0423,-0.875,72.1403,10.0,73.5057,15.0,705.35,642.3464,712.8235,719.174,R2
2026-07-23,66.3,72.7402,76.5904,58.9996,4.4917,-1.4338,-0.0885,-1.3417,71.5015,11.0,72.9675,16.0,691.96,642.7903,710.9268,718.7474,R2
2026-07-24,64.0,71.9456,76.3712,59.052,4.3791,-1.8145,-0.1104,-1.5754,70.8867,12.0,72.447,17.0,684.23,643.1729,708.4998,718.2872,R2
2026-07-27,63.4,71.1688,76.0944,59.1058,4.3941,-1.768,-0.1092,-1.5305,70.2915,13.0,71.9276,18.0,682.12,643.561,706.1016,717.6354,R2
2026-07-28,61.56,70.2952,75.7466,59.1414,4.366,-2.0007,-0.1243,-1.6651,69.5655,14.0,71.3002,19.0,675.49,643.8812,703.3188,716.7494,R2
2026-07-29,57.75,69.1548,75.3948,59.159,4.4217,-2.5793,-0.1649,-2.0171,68.5307,15.0,70.3888,20.0,661.73,644.1364,699.538,715.8054,R2
2026-07-30,63.3,68.6225,75.1744,59.2328,4.5407,-1.1722,-0.0776,-1.1021,68.1225,16.0,,,683.55,644.6066,698.0845,715.3588,R2
2026-07-31,64.62,68.2587,75.0082,59.2978,4.5296,-0.8033,-0.0533,-0.86,67.8639,17.0,,,687.99,645.0365,697.1668,715.088,R2
2026-08-03,67.96,68.2315,74.8372,59.3848,4.5218,-0.06,-0.004,-0.3832,67.81,18.0,,,700.07,645.5468,697.4308,714.8264,R2
2026-08-04,74.82,68.8305,74.7946,59.5009,4.731,1.266,0.087,0.458,68.1254,19.0,,,723.85,646.155,699.8325,715.0132,R2
2026-08-05,72.84,69.195,74.6946,59.61,4.6495,0.784,0.0527,0.1477,66.206,5.0,,,717.3,646.7416,701.4205,715.0084,R2
2026-08-06,72.03,69.4527,74.4962,59.7102,4.552,0.5662,0.0371,0.0093,66.8529,6.0,,,714.65,647.2952,702.6231,714.6958,R2
2026-08-07,74.47,69.9088,74.3522,59.8128,4.4151,1.0331,0.0652,0.3036,67.557,7.0,,,723.03,647.8526,704.4783,714.5674,R2
2026-08-10,73.8,70.2626,74.1546,59.9124,4.1954,0.8432,0.0503,0.183,68.0137,8.0,,,720.87,648.4,705.9685,714.2728,R2
2026-08-11,73.06,70.5169,73.9246,60.0162,4.06,0.6264,0.0361,0.0464,68.3513,9.0,,,718.45,648.9648,707.1032,713.8756,R2
2026-08-12,74.6,70.8881,73.6958,60.1211,3.9579,0.9379,0.0524,0.2469,68.7722,10.0,73.6267,5.0,723.7,649.5305,708.612,713.4948,R2
2026-08-13,77.15,71.4573,73.4944,60.2305,3.9013,1.4592,0.0797,0.5788,69.2699,11.0,74.0132,6.0,732.07,650.1053,710.7445,713.213,R2
2026-08-14,76.79,71.9421,73.299,60.3234,3.7591,1.2896,0.0674,0.474,69.6111,12.0,74.266,7.0,731.07,650.6202,712.5923,712.9502,R2
2026-08-17,76.4,72.3474,73.1226,60.4076,3.6113,1.1222,0.056,0.3703,69.9479,13.0,74.4924,8.0,729.87,651.105,714.163,712.7354,R1
2026-08-18,72.53,72.364,73.1122,60.4688,3.6669,0.0453,0.0023,-0.3136,70.1115,14.0,74.3233,9.0,717.51,651.5136,714.4673,712.9844,R1
2026-08-19,72.06,72.3363,73.028,60.5413,3.5979,-0.0768,-0.0038,-0.3883,70.2217,15.0,74.1393,10.0,716.08,651.9638,714.6139,712.9846,R1
2026-08-20,70.48,72.1676,72.9632,60.6019,3.5052,-0.4815,-0.0234,-0.6431,70.2453,16.0,73.8141,11.0,710.93,652.3731,714.279,713.0466,R1
2026-08-21,71.17,72.0769,73.0012,60.662,3.3919,-0.2674,-0.0126,-0.5056,70.2779,17.0,73.6078,12.0,713.44,652.7799,714.2027,713.4416,R1
2026-08-24,69.01,71.7981,72.8612,60.7293,3.3811,-0.8246,-0.0388,-0.8621,70.2238,18.0,71.9372,5.0,706.32,653.2152,713.4861,713.2256,R1
2026-08-25,70.27,71.6592,72.7162,60.7976,3.301,-0.4208,-0.0194,-0.6052,70.2266,19.0,71.7212,6.0,710.72,653.6524,713.2346,713.0132,R1
2026-08-26,70.47,71.5511,72.4338,60.8827,3.1724,-0.3408,-0.0151,-0.5519,70.2285,20.0,71.5664,7.0,711.37,654.151,713.0651,712.3606,R1
2026-08-27,73.3,71.7101,72.3012,60.9848,3.1536,0.5042,0.0222,-0.0123,,,71.6949,8.0,721.11,654.7078,713.7965,712.1856,R1
2026-08-28,71.85,71.7228,72.1874,61.0622,3.1248,0.0407,0.0018,-0.308,,,71.7901,9.0,716.43,655.1738,714.0359,712.064,R1
2026-08-31,71.92,71.7407,71.9684,61.1424,2.9964,0.0598,0.0025,-0.2946,71.1486,5.0,71.7773,10.0,716.76,655.6498,714.2835,711.5868,R1
2026-09-01,69.15,71.5052,71.6998,61.2092,3.0445,-0.7736,-0.0329,-0.8232,70.8374,6.0,71.5349,11.0,707.64,656.0826,713.6796,710.9806,R1
2026-09-02,69.6,71.332,71.603,61.2956,2.9249,-0.5922,-0.0243,-0.7055,70.6735,7.0,71.3919,12.0,709.24,656.5868,713.276,710.8924,R1
2026-09-03,72.03,71.3954,71.5776,61.3939,2.9174,0.2175,0.0089,-0.1909,70.752,8.0,71.3914,13.0,717.67,657.1308,713.6754,711.0334,R1
2026-09-04,72.37,71.484,71.526,61.5006,2.8226,0.3139,0.0124,-0.1305,70.9198,9.0,71.1155,5.0,718.96,657.7073,714.1558,711.085,R1
2026-09-08,72.16,71.5455,71.5326,61.6155,2.7561,0.223,0.0086,-0.1878,71.0418,10.0,71.2745,6.0,718.36,658.3176,714.538,711.3218,R1
2026-09-09,71.55,71.5459,71.4198,61.7232,2.681,0.0015,0.0001,-0.3279,71.0168,5.0,71.312,7.0,716.31,658.8998,714.6991,711.1664,R1
2026-09-10,69.21,71.3335,71.184,61.837,2.6945,-0.7881,-0.0298,-0.8283,70.7416,6.0,71.0626,8.0,708.69,659.5148,714.1528,710.6122,R1
2026-09-11,70.98,71.3014,71.0544,61.9544,2.6842,-0.1197,-0.0045,-0.3976,70.7899,7.0,71.0682,9.0,714.88,660.1389,714.2189,710.4064,R1
2026-09-14,69.27,71.1167,70.9728,62.0454,2.7525,-0.6709,-0.026,-0.7452,70.5828,8.0,70.8741,10.0,709.18,660.659,713.7609,710.338,R1
2026-09-15,67.9,70.8243,70.8024,62.1248,2.6787,-1.0917,-0.0413,-1.0071,70.393,9.0,70.6979,11.0,704.54,661.1372,712.9226,709.9724,R1
2026-09-16,67.93,70.5612,70.7164,62.1976,2.732,-0.9631,-0.0373,-0.9175,70.1326,10.0,70.449,12.0,704.72,661.5895,712.1769,709.8782,R1
2026-09-17,71.38,70.6356,70.6896,62.2818,2.8076,0.2651,0.0105,-0.1288,70.2074,11.0,70.493,13.0,716.92,662.0778,712.6081,709.9878,R1
2026-09-18,72.64,70.8178,70.6156,62.3748,2.7476,0.6632,0.0257,0.1295,70.332,12.0,70.5838,14.0,721.45,662.5992,713.4119,709.9512,R1
2026-09-21,78.91,71.5535,70.6532,62.4928,3.0407,2.4194,0.1028,1.2537,70.9405,13.0,71.095,15.0,741.47,663.1966,715.9626,710.2704,R1
2026-09-22,80.83,72.3968,70.817,62.6186,2.9913,2.8192,0.1165,1.5086,71.5294,14.0,71.6028,16.0,747.46,663.8163,718.826,710.9848,R1
2026-09-23,78.66,72.9662,70.8898,62.7343,3.0019,1.8967,0.078,0.9197,74.6339,5.0,72.0455,17.0,741.21,664.4076,720.8609,711.4152,R1
2026-09-24,78.58,73.4765,70.9726,62.8464,2.9697,1.7185,0.0695,0.8124,75.1977,6.0,72.4245,18.0,741.1,664.9857,722.7009,711.8824,R1
2026-09-25,79.6,74.0332,71.1498,62.9654,2.9004,1.9193,0.0752,0.9433,75.7642,7.0,72.8257,19.0,744.5,665.5868,724.6826,712.6536,R1
2026-09-28,77.04,74.3066,71.34,63.0706,2.9886,0.9146,0.0368,0.2974,75.9199,8.0,73.0591,20.0,736.53,666.1443,725.7596,713.4776,R1
