n,band,FULL_CAGR,FULL_MaxDD,FULL_MAR,FULL_Trades,FULL_Exposure,IS_CAGR,IS_MaxDD,IS_MAR,IS_Trades,IS_Exposure,OOS_CAGR,OOS_MaxDD,OOS_MAR,OOS_Trades,OOS_Exposure
100,0.0,0.14035115956528155,-0.6147367586895947,0.22831099260187643,89,0.7758269720101781,0.09064399036867021,-0.5281885623540004,0.17161293679797476,47,0.784382871536524,0.19346936235420853,-0.6147367586895947,0.3147190396855689,42,0.7670951156812339
100,0.01,0.1766454999802296,-0.6597582287054093,0.2677427765120064,46,0.7676844783715012,0.11959401031451522,-0.5160546308410012,0.23174680192214508,23,0.7738035264483627,0.23794342800054769,-0.6233551180432606,0.38171408417638836,23,0.761439588688946
100,0.02,0.22679189075359485,-0.5156734269874259,0.4397975130859805,28,0.7727735368956743,0.10659149392217682,-0.513897301451963,0.2074178899578062,14,0.7838790931989924,0.3629780880899922,-0.5156734269874258,0.7038913953944016,14,0.761439588688946
100,0.03,0.20636032741269594,-0.6209682718580124,0.332320243665978,21,0.783206106870229,0.053250043171669814,-0.6209682718580124,0.08575324309620397,12,0.7738035264483627,0.3855668250918156,-0.48136540741995604,0.8009857358849154,9,0.7928020565552699
150,0.0,0.321100762426189,-0.5922712470496443,0.5421515294313692,57,0.8231552162849872,0.2312122333675768,-0.527687230846666,0.43816150903746587,35,0.8458438287153652,0.4197770530089264,-0.5922712470496443,0.7087581156438287,22,0.8
150,0.01,0.31500574245686486,-0.5793669030287408,0.5437068303524377,26,0.821882951653944,0.17483868589653828,-0.5793669030287408,0.3017754120619227,16,0.8458438287153652,0.47541395467196357,-0.48136540741995604,0.9876363098464193,10,0.7974293059125964
150,0.02,0.3033119724160698,-0.6488918969968324,0.46743066729580446,18,0.8206106870229007,0.171427215877348,-0.6488918969968324,0.26418455319096834,10,0.8463476070528967,0.4533312826667206,-0.48136540741995604,0.9417612393389588,8,0.794344473007712
150,0.03,0.3097860867151543,-0.6209682718580123,0.49887586975778453,13,0.8147582697201018,0.15932750996812817,-0.6209682718580123,0.25657914774196267,8,0.8317380352644836,0.48357302943474245,-0.48136540741995604,1.0045861667264768,5,0.7974293059125964
200,0.0,0.30212354438453026,-0.5773066876590903,0.5233328330381988,41,0.838676844783715,0.17411575050733918,-0.5539384740544095,0.31432326632404484,26,0.8664987405541562,0.4472690127375385,-0.5773066876590902,0.774751137131567,15,0.8102827763496144
200,0.01,0.3245302344359542,-0.5864320009624285,0.5533978942202136,21,0.8320610687022901,0.1897395980646832,-0.539721001294429,0.3515512600206867,14,0.8579345088161209,0.4779690862144119,-0.5864320009624284,0.8150460504030961,7,0.8056555269922879
200,0.02,0.27638705442928657,-0.6518704992872775,0.4239907385461903,15,0.8279898218829517,0.1819126628115324,-0.6518704992872775,0.27906257916323346,8,0.854911838790932,0.38071606575117745,-0.5922712470496443,0.6428069362605168,7,0.8005141388174807
200,0.03,0.29213153756834287,-0.6277349163172946,0.46537404559583584,12,0.8246819338422392,0.19068817806234817,-0.6277349163172946,0.3037718200877694,7,0.8473551637279597,0.40470542530371545,-0.6208707436896495,0.6518352320785353,5,0.8015424164524422
250,0.0,0.25671889014149296,-0.6803143538411427,0.37735333481062827,46,0.8544529262086514,0.17502519660714722,-0.5994834084185376,0.29196003450516006,27,0.889168765743073,0.3460694185193416,-0.6803143538411428,0.5086904554716344,19,0.8190231362467867
250,0.01,0.23438081303551006,-0.6276829244220544,0.37340638707245166,27,0.8488549618320611,0.13282901478156206,-0.6034248448341882,0.2201252002112399,15,0.8841309823677582,0.3474861897542867,-0.6276829244220543,0.5536014701598554,12,0.8128534704370179
250,0.02,0.21823094843290347,-0.6208707436896495,0.3514917567801989,20,0.8427480916030534,0.1210429527858099,-0.6124842515537858,0.19762622872137703,10,0.8740554156171285,0.3261736740083674,-0.6208707436896493,0.5253487578912395,10,0.8107969151670951
250,0.03,0.30141212424400554,-0.6208707436896495,0.48546678565139545,11,0.8305343511450382,0.1818728315416165,-0.5321563342335123,0.3417657929479986,6,0.8554156171284635,0.43599952430182753,-0.6208707436896495,0.7022387972588506,5,0.8051413881748072
