signal_date,entry_date,entry_px,exit_date,status,ret
2011-02-10,2011-02-11,0.4582,2011-06-16,signal,-0.1936
2011-06-21,2011-06-22,0.3858,2011-06-27,signal,-0.0319
2011-06-27,2011-06-28,0.393,2011-08-05,signal,-0.0505
2011-09-16,2011-09-19,0.375,2011-09-22,signal,-0.1023
2011-10-11,2011-10-12,0.3875,2011-11-18,signal,-0.0761
2011-11-30,2011-12-01,0.365,2011-12-09,signal,-0.0078
2011-12-09,2011-12-12,0.3648,2011-12-14,signal,-0.0482
2011-12-27,2011-12-28,0.3611,2011-12-29,signal,-0.028
2012-01-03,2012-01-04,0.3727,2012-11-01,signal,0.4552
2012-11-01,2012-11-02,0.5633,2012-11-05,signal,-0.045
2012-11-05,2012-11-06,0.551,2012-11-08,signal,-0.0647
2012-11-28,2012-11-29,0.5513,2012-12-06,signal,-0.0535
2012-12-11,2012-12-12,0.5615,2012-12-14,signal,-0.0633
2012-12-18,2012-12-19,0.5715,2012-12-24,signal,-0.0578
2013-01-02,2013-01-03,0.5898,2014-10-17,signal,1.5276
2014-10-17,2014-10-20,1.4893,2015-08-24,signal,0.0493
2015-09-16,2015-09-17,2.115,2015-09-21,signal,-0.0249
2015-10-15,2015-10-16,2.1617,2016-01-07,signal,-0.0685
2016-03-22,2016-03-23,2.065,2016-03-24,signal,-0.0355
2016-03-29,2016-03-30,2.1538,2016-04-28,signal,-0.0536
2016-05-24,2016-05-25,2.0946,2016-06-20,signal,-0.0268
2016-06-23,2016-06-24,1.8759,2016-06-27,signal,-0.0424
2016-07-01,2016-07-05,2.0089,2016-07-06,signal,-0.0194
2016-07-06,2016-07-07,2.0554,2018-10-12,signal,2.5122
2018-10-12,2018-10-15,7.1861,2018-10-25,signal,-0.1117
2018-11-07,2018-11-08,7.1023,2018-11-12,signal,-0.0765
2019-02-15,2019-02-19,6.1981,2019-02-22,signal,0.0091
2019-02-22,2019-02-25,6.5045,2019-03-08,signal,-0.083
2019-03-11,2019-03-12,6.582,2019-06-03,signal,-0.0543
2019-06-04,2019-06-05,6.5395,2020-03-10,signal,0.2988
2020-03-10,2020-03-11,8.2266,2020-03-12,signal,-0.2482
2020-04-08,2020-04-09,6.9947,2022-01-21,signal,3.3311
2022-02-02,2022-02-03,29.6748,2022-02-04,signal,-0.0423
2022-02-09,2022-02-10,29.6698,2022-02-11,signal,-0.0099
2022-03-29,2022-03-30,30.8554,2022-03-31,signal,-0.0178
2022-04-04,2022-04-05,30.4252,2022-04-06,signal,-0.0996
2023-01-26,2023-01-27,11.1856,2023-01-31,signal,-0.0198
2023-01-31,2023-02-01,11.4357,2023-03-13,signal,-0.1054
2023-03-13,2023-03-14,11.0655,2025-03-07,signal,1.9609
2025-05-12,2025-05-13,33.3517,2026-03-23,signal,0.3519
2026-04-08,2026-04-09,48.039,2026-09-28,open,0.6037
